num_samples,rouge_l,entity_overlap,bertscore_f1,perplexity
663.0,0.11264550347810874,0.12143009873396826,0.834388792514801,28.552677183753072
