num_samples_mean,rouge_l_mean,rouge_l_std,entity_overlap_mean,entity_overlap_std,bertscore_f1_mean,bertscore_f1_std,perplexity_mean
663.0,0.1106464561877268,0.000840541246152867,0.12295507795063883,0.0007342480422668515,0.8343422611554464,0.00010947291950157424,28.35696989298764
