num_samples_mean,rouge_l_mean,rouge_l_std,entity_overlap_mean,entity_overlap_std,bertscore_f1_mean,bertscore_f1_std,perplexity_mean
663.0,0.11177066521254587,0.000872664659441166,0.12569354899070523,0.003275541401694846,0.8345157901446024,0.00030382431647899217,28.552677183753072
