num_samples,rouge_l,entity_overlap,bertscore_f1,perplexity
663.0,0.11035586154076994,0.12032677298749857,0.8337652683258057,27.64879161535205
