num_samples,rouge_l,entity_overlap,bertscore_f1,perplexity
663.0,0.10923095169540016,0.12554346428861257,0.8323876857757568,32.61128205275551
