num_samples,rouge_l,entity_overlap,bertscore_f1,perplexity
663.0,0.11048601533448278,0.12833809053822395,0.8325432538986206,29.717467832337185
