num_samples,rouge_l,entity_overlap,bertscore_f1,perplexity
663.0,0.11037306871509374,0.13849460203574737,0.8340499401092529,27.823874838268654
