num_samples,rouge_l,entity_overlap,bertscore_f1,perplexity
663.0,0.11208710874536514,0.12625651628480716,0.8342238068580627,28.552677183753072
