num_samples,rouge_l,entity_overlap,bertscore_f1,perplexity
663.0,0.10961044221035897,0.12376750341670302,0.8344185948371887,28.356969892987642
