num_samples,rouge_l,entity_overlap,bertscore_f1,perplexity
663.0,0.10940196458021001,0.13694133497373043,0.8337115049362183,27.823874838268654
