num_samples,rouge_l,entity_overlap,bertscore_f1,perplexity
663.0,0.11169049564535986,0.15412942660175047,0.8339921236038208,27.823874838268654
