num_samples,rouge_l,entity_overlap,bertscore_f1,perplexity
663.0,0.11057938341416376,0.12939403195334026,0.8349347710609436,28.552677183753072
