num_samples,rouge_l,entity_overlap,bertscore_f1,perplexity
663.0,0.11009721166847049,0.14681378151235513,0.8339847326278687,27.809845425444973
