num_samples_mean,rouge_l_mean,rouge_l_std,entity_overlap_mean,entity_overlap_std,bertscore_f1_mean,bertscore_f1_std,perplexity_mean
663.0,0.11023449864970296,0.00090656103562691,0.12880096339706892,0.005094136196307424,0.8329198360443115,0.00039484392600030706,32.61128205275551
