num_samples_mean,rouge_l_mean,rouge_l_std,entity_overlap_mean,entity_overlap_std,bertscore_f1_mean,bertscore_f1_std,perplexity_mean
663.0,0.11247468972225955,0.0002581429880701818,0.1433989053765492,0.0024555026123010775,0.8343161741892496,6.287807581184225e-05,27.821582139239784
