num_samples_mean,rouge_l_mean,rouge_l_std,entity_overlap_mean,entity_overlap_std,bertscore_f1_mean,bertscore_f1_std,perplexity_mean
663.0,0.11131218186369964,0.0009166932471761705,0.14345319304623252,0.003053387083168139,0.83414226770401,0.0003665910981393825,27.809279791796566
