num_samples,rouge_l,entity_overlap,bertscore_f1,perplexity
663.0,0.11115190231397858,0.14017717692865148,0.8345392346382141,27.809279791796566
