num_samples,rouge_l,entity_overlap,bertscore_f1,perplexity
663.0,0.1102782199315408,0.1426549031311498,0.8336549997329712,27.80927942689623
