num_samples,rouge_l,entity_overlap,bertscore_f1,perplexity
663.0,0.11277671757281515,0.1465478471625212,0.8344050645828247,27.821582139239784
