num_samples_mean,rouge_l_mean,rouge_l_std,entity_overlap_mean,entity_overlap_std,bertscore_f1_mean,bertscore_f1_std,perplexity_mean
663.0,0.11244841734361875,0.00022836001828028225,0.1434446113046081,0.0025142636608357642,0.8343162337938944,6.296233861518414e-05,27.82158202344061
