num_samples,rouge_l,entity_overlap,bertscore_f1,perplexity
663.0,0.11284486580344245,0.12236264787291565,0.8343871235847473,28.286864717498357
