num_samples,rouge_l,entity_overlap,bertscore_f1,perplexity
663.0,0.11114591427835606,0.1208605310325648,0.8344552516937256,28.286865221367524
