num_samples,rouge_l,entity_overlap,bertscore_f1,perplexity
20.0,0.1097009176251236,0.07248119119442649,0.8213112950325012,28.42885591377331
