num_samples,rouge_l,entity_overlap,bertscore_f1,perplexity
20.0,0.12557688942528397,0.11998376623376623,0.8274868130683899,32.70775714430147
