num_samples,rouge_l,entity_overlap,bertscore_f1,perplexity
663.0,0.11059020044629429,0.11738571820334139,0.8342927694320679,28.501988186822803
