num_samples,rouge_l,entity_overlap,bertscore_f1,perplexity
663.0,0.10888190011429182,0.12756952796619456,0.8324830532073975,29.802812253546836
