num_samples,rouge_l,entity_overlap,bertscore_f1,perplexity
663.0,0.11208391474196945,0.12660101141902202,0.834679126739502,28.501988186822803
