num_samples,rouge_l,entity_overlap,bertscore_f1,perplexity
663.0,0.11142724933332182,0.13599450046283776,0.833039402961731,32.61128205275551
