num_samples,rouge_l,entity_overlap,bertscore_f1,perplexity
663.0,0.11214607769296238,0.14309225301945303,0.834269642829895,27.821582139239784
