num_samples_mean,rouge_l_mean,rouge_l_std,entity_overlap_mean,entity_overlap_std,bertscore_f1_mean,bertscore_f1_std,perplexity_mean
663.0,0.11048850964688788,0.0009378480920309375,0.1431884545370761,0.007762379872671163,0.8339178562164307,0.00014780916798148638,27.823874838268654
