num_samples_mean,rouge_l_mean,rouge_l_std,entity_overlap_mean,entity_overlap_std,bertscore_f1_mean,bertscore_f1_std,perplexity_mean
663.0,0.11145361925560705,0.00029344261438820057,0.12658446057243897,0.0007621622802881306,0.8343132138252258,0.00038078474159057156,27.65251832958189
