num_samples,rouge_l,entity_overlap,bertscore_f1,perplexity
663.0,0.10933295649435981,0.12272086573440988,0.8329158425331116,32.63818535137482
