num_samples,rouge_l,entity_overlap,bertscore_f1,perplexity
20.0,0.1218223099376646,0.0727994227994228,0.8174320459365845,32.70775597458094
