num_samples,rouge_l,entity_overlap,bertscore_f1,perplexity
663.0,0.11048079026398776,0.12519903731987775,0.8339502215385437,28.501988186822803
