num_samples_mean,rouge_l_mean,rouge_l_std,entity_overlap_mean,entity_overlap_std,bertscore_f1_mean,bertscore_f1_std,perplexity_mean
663.0,0.1110516351507505,0.0007312972550353971,0.12306192231408038,0.004054286018009879,0.8343073725700378,0.0002977534066135095,28.501988186822803
