num_samples,rouge_l,entity_overlap,bertscore_f1,perplexity
663.0,0.11145615125971378,0.12580345315330843,0.8341231942176819,27.65251832958189
