num_samples,rouge_l,entity_overlap,bertscore_f1,perplexity
20.0,0.12668124031586583,0.12954545454545455,0.8263079524040222,28.370396487343946
