num_samples,rouge_l,entity_overlap,bertscore_f1,perplexity
20.0,0.10788855272560167,0.11017349888673418,0.8218960762023926,31.807868536513347
