num_samples,rouge_l,entity_overlap,bertscore_f1,perplexity
663.0,0.11269790043689279,0.1466849649466978,0.834405243396759,27.82158202344061
