num_samples,rouge_l,entity_overlap,bertscore_f1,perplexity
663.0,0.10999532512027518,0.11891315496606861,0.8340129852294922,28.286865221367524
