num_samples,rouge_l,entity_overlap,bertscore_f1,perplexity
663.0,0.11109296760605943,0.12633164665385438,0.8339718580245972,27.65251832958189
