num_samples,rouge_l,entity_overlap,bertscore_f1,perplexity
663.0,0.11250127390100109,0.1405566159476734,0.8342738151550293,27.821582139239784
