num_samples,rouge_l,entity_overlap,bertscore_f1,perplexity
663.0,0.11004529492038685,0.12486492543975647,0.8333324193954468,32.61128205275551
