num_samples_mean,rouge_l_mean,rouge_l_std,entity_overlap_mean,entity_overlap_std,bertscore_f1_mean,bertscore_f1_std,perplexity_mean
663.0,0.10971997509971758,0.0004841303068841059,0.12754037516197778,0.003909423836931289,0.8329310218493143,0.0003834514543461841,32.63818535137482
