num_samples,rouge_l,entity_overlap,bertscore_f1,perplexity
663.0,0.11065971506224861,0.1231089133654716,0.8341874480247498,28.356969892987642
