num_samples,rouge_l,entity_overlap,bertscore_f1,perplexity
663.0,0.11141479532170864,0.13340495640501476,0.8341435194015503,27.809845425444973
