num_samples,rouge_l,entity_overlap,bertscore_f1,perplexity
663.0,0.1116872996689998,0.12500728847828155,0.8344451189041138,27.64879161535205
