num_samples_mean,rouge_l_mean,rouge_l_std,entity_overlap_mean,entity_overlap_std,bertscore_f1_mean,bertscore_f1_std,perplexity_mean
663.0,0.11132870173402458,0.0011704782403555319,0.12071211129051636,0.0014121547704292916,0.8342852195103964,0.000194515057971664,28.286864717498357
