num_samples,rouge_l,entity_overlap,bertscore_f1,perplexity
663.0,0.1116692112905728,0.12198881706974189,0.8344207406044006,28.356969892987642
