num_samples,rouge_l,entity_overlap,bertscore_f1,perplexity
20.0,0.11214652345766055,0.05675918444300797,0.8229478597640991,27.622893542912664
