num_samples,rouge_l,entity_overlap,bertscore_f1,perplexity
663.0,0.10942436715633398,0.12760393321662636,0.8324691653251648,32.63818535137482
