num_samples,rouge_l,entity_overlap,bertscore_f1,perplexity
663.0,0.109585365574933,0.12444990587367402,0.8343315124511719,27.64879161535205
