num_samples,rouge_l,entity_overlap,bertscore_f1,perplexity
663.0,0.11250642334557956,0.1475274990788963,0.8342325687408447,27.809279791796566
