num_samples,rouge_l,entity_overlap,bertscore_f1,perplexity
663.0,0.11013506535267736,0.14018672455435108,0.8345124125480652,27.809845425444973
