num_samples_mean,rouge_l_mean,rouge_l_std,entity_overlap_mean,entity_overlap_std,bertscore_f1_mean,bertscore_f1_std,perplexity_mean
663.0,0.11054902411428551,0.000612387711097148,0.14013515415724032,0.005474251383778669,0.8342135548591614,0.00022104335703921734,27.809845425444973
