num_samples,rouge_l,entity_overlap,bertscore_f1,perplexity
663.0,0.11181173890104797,0.12761828191015404,0.8348445892333984,27.65251832958189
