num_samples_mean,rouge_l_mean,rouge_l_std,entity_overlap_mean,entity_overlap_std,bertscore_f1_mean,bertscore_f1_std,perplexity_mean
663.0,0.11054284226156758,0.0008682369401696052,0.1232613224464847,0.002087479219442543,0.8341806332270304,0.00029734671952072857,27.64879161535205
